{
  "users": [
    {
      "id": "931d04ba-57bd-41f3-81a4-a814aee9cc19",
      "username": "anushree",
      "password_hash": "$2b$10$u5fcr9XhYs20kE8MNGsN/uvfaIY9c7cjT5hLUv/6U7bmhwKsLZws6",
      "points": 0
    },
    {
      "id": "4d4cfc6d-c7a8-4630-801f-6cd934e7a2b2",
      "username": "admin",
      "password_hash": "$2b$10$GEKDPHkcb0f0yNycGTWBfeinGWB/WwHZnCHCUfTyiFE63WvaoteMq",
      "points": 0
    },
    {
      "id": "02850e0e-c458-45f6-ae19-0763c885245d",
      "username": "ivanthika",
      "password_hash": "$2b$10$n6BC6Wn0sBhkDatTUD8AnOV/s6ixiYkBTCV64DQ5LE.Mfz4gVa4dq",
      "points": 0
    }
  ],
  "flashcards": [
    {
      "id": "c3ba32a9-0d3a-4e53-8ab0-23e952f00736",
      "user_id": "931d04ba-57bd-41f3-81a4-a814aee9cc19",
      "title": "ooad",
      "description": null,
      "created_at": "2025-11-25T07:26:57.379Z"
    },
    {
      "id": "090e657d-e38e-4e5f-aede-36688c282b69",
      "user_id": "931d04ba-57bd-41f3-81a4-a814aee9cc19",
      "title": "abcd",
      "description": null,
      "created_at": "2025-11-25T07:28:20.758Z"
    },
    {
      "id": "c7815702-65fe-4a63-bb7f-f66da17f73c4",
      "user_id": "4d4cfc6d-c7a8-4630-801f-6cd934e7a2b2",
      "title": "data science",
      "description": null,
      "created_at": "2025-11-25T10:11:09.877Z"
    },
    {
      "id": "fd3526c2-3e9f-4f19-9e00-8c1be1f7a22f",
      "user_id": "931d04ba-57bd-41f3-81a4-a814aee9cc19",
      "title": "laptops",
      "description": null,
      "created_at": "2025-11-27T06:40:02.921Z"
    },
    {
      "id": "0ef72161-9634-47c0-bfca-4cbe7eb0465e",
      "user_id": "02850e0e-c458-45f6-ae19-0763c885245d",
      "title": "food",
      "description": null,
      "created_at": "2025-11-29T10:14:35.664Z"
    },
    {
      "id": "d7ee81f1-fa0d-45e7-8c10-adbf1f8a086b",
      "user_id": "02850e0e-c458-45f6-ae19-0763c885245d",
      "title": "yy",
      "description": null,
      "created_at": "2025-12-03T09:03:01.731Z"
    }
  ],
  "questions": [],
  "choices": [],
  "scores": [
    {
      "id": "9743e9ec-71ef-449f-a43f-a82c4a56f4ea",
      "user_id": "931d04ba-57bd-41f3-81a4-a814aee9cc19",
      "flashcard_id": "c3ba32a9-0d3a-4e53-8ab0-23e952f00736",
      "score": 2,
      "total": 2,
      "created_at": "2025-11-25T07:27:47.311Z"
    },
    {
      "id": "01282fc0-b7a4-4e02-9cfa-2683ac37526c",
      "user_id": "4d4cfc6d-c7a8-4630-801f-6cd934e7a2b2",
      "flashcard_id": "c7815702-65fe-4a63-bb7f-f66da17f73c4",
      "score": 0,
      "total": 3,
      "created_at": "2025-11-25T10:13:11.544Z"
    },
    {
      "id": "ebe83abb-3bf6-4631-a8a1-a2b1c5fed85b",
      "user_id": "931d04ba-57bd-41f3-81a4-a814aee9cc19",
      "flashcard_id": "fd3526c2-3e9f-4f19-9e00-8c1be1f7a22f",
      "score": 2,
      "total": 5,
      "created_at": "2025-11-27T06:42:11.204Z"
    },
    {
      "id": "69badf8d-3e42-4e7a-97e2-e7595013a8d0",
      "user_id": "02850e0e-c458-45f6-ae19-0763c885245d",
      "flashcard_id": "0ef72161-9634-47c0-bfca-4cbe7eb0465e",
      "score": 2,
      "total": 2,
      "created_at": "2025-11-29T10:15:51.849Z"
    }
  ],
  "answers": [
    {
      "id": "9673c6df-f82b-4898-b3f8-2cbcefa6cca8",
      "score_id": "ebe83abb-3bf6-4631-a8a1-a2b1c5fed85b",
      "user_id": "931d04ba-57bd-41f3-81a4-a814aee9cc19",
      "flashcard_id": "fd3526c2-3e9f-4f19-9e00-8c1be1f7a22f",
      "card_id": "d1123d78-b6ad-4f57-94b9-d4b8e020c845",
      "given": "IOQ",
      "expected": "lenovo",
      "is_correct": 0,
      "created_at": "2025-11-27T06:42:11.189Z"
    },
    {
      "id": "6df13fa4-5100-476c-a835-17d66f028670",
      "score_id": "ebe83abb-3bf6-4631-a8a1-a2b1c5fed85b",
      "user_id": "931d04ba-57bd-41f3-81a4-a814aee9cc19",
      "flashcard_id": "fd3526c2-3e9f-4f19-9e00-8c1be1f7a22f",
      "card_id": "83f9ee0e-759c-4d3f-823a-39d291c03c91",
      "given": "hp",
      "expected": "hp",
      "is_correct": 1,
      "created_at": "2025-11-27T06:42:11.204Z"
    },
    {
      "id": "3fd22269-c6d6-4d3f-858d-67bfb4b62833",
      "score_id": "ebe83abb-3bf6-4631-a8a1-a2b1c5fed85b",
      "user_id": "931d04ba-57bd-41f3-81a4-a814aee9cc19",
      "flashcard_id": "fd3526c2-3e9f-4f19-9e00-8c1be1f7a22f",
      "card_id": "bc563efa-6c1a-426b-b3eb-214d4f5a51c5",
      "given": "lenovo",
      "expected": "IOQ",
      "is_correct": 0,
      "created_at": "2025-11-27T06:42:11.204Z"
    },
    {
      "id": "5eceeee5-7dd2-4761-a2c1-9e473845c749",
      "score_id": "ebe83abb-3bf6-4631-a8a1-a2b1c5fed85b",
      "user_id": "931d04ba-57bd-41f3-81a4-a814aee9cc19",
      "flashcard_id": "fd3526c2-3e9f-4f19-9e00-8c1be1f7a22f",
      "card_id": "3f5f9aca-d989-4ded-a233-b76eb6b615d2",
      "given": "asus",
      "expected": "asus",
      "is_correct": 1,
      "created_at": "2025-11-27T06:42:11.204Z"
    },
    {
      "id": "95e38807-016e-4ff1-b1f6-61d8d25b45ab",
      "score_id": "ebe83abb-3bf6-4631-a8a1-a2b1c5fed85b",
      "user_id": "931d04ba-57bd-41f3-81a4-a814aee9cc19",
      "flashcard_id": "fd3526c2-3e9f-4f19-9e00-8c1be1f7a22f",
      "card_id": "0969e3b9-963d-45c9-9618-2ad4b3b92151",
      "given": "ooad",
      "expected": "dell",
      "is_correct": 0,
      "created_at": "2025-11-27T06:42:11.204Z"
    },
    {
      "id": "88bee6e4-0ca0-4167-b8cd-272478a76e4e",
      "score_id": "69badf8d-3e42-4e7a-97e2-e7595013a8d0",
      "user_id": "02850e0e-c458-45f6-ae19-0763c885245d",
      "flashcard_id": "0ef72161-9634-47c0-bfca-4cbe7eb0465e",
      "card_id": "d4653b1a-5bdd-49d9-801f-49ba55fe6ea9",
      "given": "pizza",
      "expected": "pizza",
      "is_correct": 1,
      "created_at": "2025-11-29T10:15:51.847Z"
    },
    {
      "id": "2801fb4a-d392-49e2-8221-70d94bd9af0f",
      "score_id": "69badf8d-3e42-4e7a-97e2-e7595013a8d0",
      "user_id": "02850e0e-c458-45f6-ae19-0763c885245d",
      "flashcard_id": "0ef72161-9634-47c0-bfca-4cbe7eb0465e",
      "card_id": "9dc4a275-ad73-4b49-a509-cab4c5442345",
      "given": "karam",
      "expected": "karam",
      "is_correct": 1,
      "created_at": "2025-11-29T10:15:51.848Z"
    }
  ],
  "cards": [
    {
      "id": "8f3b8714-962a-4a7a-a85c-7cf2b5a4e4cc",
      "flashcard_id": "c3ba32a9-0d3a-4e53-8ab0-23e952f00736",
      "front": "ooad",
      "back": "sub 1",
      "created_at": "2025-11-25T07:27:14.974Z"
    },
    {
      "id": "5011b7a5-a8ca-4855-b292-6136001bc2f8",
      "flashcard_id": "c3ba32a9-0d3a-4e53-8ab0-23e952f00736",
      "front": "dmdw",
      "back": "sub 2",
      "created_at": "2025-11-25T07:27:14.974Z"
    },
    {
      "id": "e8662d97-f128-4ebf-be00-e5ff5f5fdcbd",
      "flashcard_id": "090e657d-e38e-4e5f-aede-36688c282b69",
      "front": "abcd",
      "back": "alphabet",
      "created_at": "2025-11-25T07:28:28.397Z"
    },
    {
      "id": "82736d4d-5a7a-44c5-a80f-383de4370faf",
      "flashcard_id": "c7815702-65fe-4a63-bb7f-f66da17f73c4",
      "front": "gh",
      "back": "11",
      "created_at": "2025-11-25T10:11:53.106Z"
    },
    {
      "id": "e6b3c5f0-ac27-4f14-875b-a86c5ab3b13e",
      "flashcard_id": "c7815702-65fe-4a63-bb7f-f66da17f73c4",
      "front": "pppp1",
      "back": "12",
      "created_at": "2025-11-25T10:11:53.106Z"
    },
    {
      "id": "29291906-87a1-47a4-8235-ccdeee14378e",
      "flashcard_id": "c7815702-65fe-4a63-bb7f-f66da17f73c4",
      "front": "mmm",
      "back": "13",
      "created_at": "2025-11-25T10:11:53.106Z"
    },
    {
      "id": "83f9ee0e-759c-4d3f-823a-39d291c03c91",
      "flashcard_id": "fd3526c2-3e9f-4f19-9e00-8c1be1f7a22f",
      "front": "laptop1",
      "back": "hp",
      "created_at": "2025-11-27T06:41:04.003Z"
    },
    {
      "id": "0969e3b9-963d-45c9-9618-2ad4b3b92151",
      "flashcard_id": "fd3526c2-3e9f-4f19-9e00-8c1be1f7a22f",
      "front": "laptop2",
      "back": "dell",
      "created_at": "2025-11-27T06:41:04.004Z"
    },
    {
      "id": "d1123d78-b6ad-4f57-94b9-d4b8e020c845",
      "flashcard_id": "fd3526c2-3e9f-4f19-9e00-8c1be1f7a22f",
      "front": "laptop3",
      "back": "lenovo",
      "created_at": "2025-11-27T06:41:04.004Z"
    },
    {
      "id": "bc563efa-6c1a-426b-b3eb-214d4f5a51c5",
      "flashcard_id": "fd3526c2-3e9f-4f19-9e00-8c1be1f7a22f",
      "front": "laptop4",
      "back": "IOQ",
      "created_at": "2025-11-27T06:41:04.004Z"
    },
    {
      "id": "3f5f9aca-d989-4ded-a233-b76eb6b615d2",
      "flashcard_id": "fd3526c2-3e9f-4f19-9e00-8c1be1f7a22f",
      "front": "laptop5",
      "back": "asus",
      "created_at": "2025-11-27T06:41:04.005Z"
    },
    {
      "id": "9dc4a275-ad73-4b49-a509-cab4c5442345",
      "flashcard_id": "0ef72161-9634-47c0-bfca-4cbe7eb0465e",
      "front": "food 1",
      "back": "karam",
      "created_at": "2025-11-29T10:15:05.634Z"
    },
    {
      "id": "d4653b1a-5bdd-49d9-801f-49ba55fe6ea9",
      "flashcard_id": "0ef72161-9634-47c0-bfca-4cbe7eb0465e",
      "front": "food 2",
      "back": "pizza",
      "created_at": "2025-11-29T10:15:05.640Z"
    },
    {
      "id": "f3558664-5695-4a25-acdc-f1108dc7c0c5",
      "flashcard_id": "d7ee81f1-fa0d-45e7-8c10-adbf1f8a086b",
      "front": "rty",
      "back": "rty",
      "created_at": "2025-12-03T09:03:13.681Z"
    },
    {
      "id": "80f8dc80-be66-4e66-af6c-650394e47528",
      "flashcard_id": "d7ee81f1-fa0d-45e7-8c10-adbf1f8a086b",
      "front": "ggg",
      "back": "ggg",
      "created_at": "2025-12-03T09:03:13.682Z"
    }
  ]
}